Type,Sample_Wt(g),Sample_ID,Absorbance
B,,1_1,
B,,1_2,
B,,2_1,
B,,2_2,
C,,0.0,
C,,0.0,
C,,0.0,
C,,549.5825955,
C,,549.5825955,
C,,549.5825955,
C,,1099.165191,
C,,1099.165191,
C,,1099.165191,
C,,4396.660764,
C,,4396.660764,
C,,4396.660764,
O,,SD2_685,
D,,SD2_685,
O,,SD2_686,
D,,SD2_686,
O,,SD2_687,
D,,SD2_687,
O,,SD2_688,
D,,SD2_688,
