Type,Sample_Wt(g),Sample_ID,Absorbance
B,,1_1,0.006
B,,1_2,0.008
B,,2_1,0
B,,2_2,0.006
C,,0,0.003
C,,0,0.005
C,,0,0.002
C,,549.5825955,0.359
C,,549.5825955,0.356
C,,549.5825955,0.36
C,,1099.165191,0.718
C,,1099.165191,0.728
C,,1099.165191,0.73
C,,4396.660764,2.748
C,,4396.660764,2.767
C,,4396.660764,2.739
O,,MN-0993,0.818
D,,MN-0993,0.827
O,,MN-1021,0.25
D,,MN-1021,0.245
